video_id,root_mean_velocity,root_mean_velocity_new,root_mean_acceleration,root_mean_acceleration_new,body_mean_angular_velocity,body_mean_angular_velocity_new,body_mean_angular_acceleration,body_mean_angular_acceleration_new
Ways_to_Jump_+_Sit_+_Fall_Elbow_Drop_clip2,0.029940539785462163,0.013951543,0.014292291071514151,0.0027433955,0.09178709709384644,0.04317949103239299,0.06980036503113331,0.019477889503086564
Ways_to_Jump_+_Sit_+_Fall_Basketball_Fake_Out_clip2,0.029899087063687983,0.0139497155,0.014982312768899757,0.0027431643,0.09178709709384644,0.04317812798172676,0.06980036503113331,0.01947187987526867
Ways_to_Catch_Twisted_Ankle_clip2,0.02947131409155733,0.0129396375,0.012962784222047639,0.0013196882,0.07029593069284801,0.0284307311516998,0.06363706869708853,0.00861876193972871
Ways_to_Jump_+_Sit_+_Fall_Expressive_clip1_clip1,0.04099834363144485,0.03609136,0.0062879651505484855,0.0020292986,0.08934636801694251,0.0801685411400604,0.02945017979354912,0.019433080278173556
Ways_to_Jump_+_Sit_+_Fall_KEVINBPARRY_clip5,0.028640722923772788,0.013976994,0.01230171436354303,0.002032454,0.07579839708559644,0.030948759015599892,0.07586872049831382,0.012365648544263795
