video_id,root_mean_velocity,root_mean_acceleration,body_mean_angular_velocity,body_mean_angular_acceleration
Lie_on_your_back_leg_alternately_Scissor_Kick_1_clip1,0.11787271107100915,0.017199636406854797,0.01277811696120179,0.009682381065663132
Bend_your_knees_of_posture_1_clip1,0.006815993811639153,0.0035103177790521754,0.05788747102440923,0.07721890333028272
High_lift_legs_touch_the_ground_1_clip1,0.015437771884992969,0.006476093386607649,0.10306763144030345,0.036541163659863395
Your_wrist_extensor_stretching_1_clip1,0.08808625221985514,0.06064932177684411,0.0002841838785065336,0.00020158578356079944
Vertical_Mountain_type_Vertical_Mountain_Climber_1_clip1,0.019203961461971408,0.00989460100030907,0.11687055441778367,0.09072111378998196
Bobby_squat_jump_1_clip1,0.027341158970114927,0.007767412732488198,0.10335028612204417,0.027540816962584837
Alternate_knee_strike_1_clip1,0.015468694513310337,0.004858339684835771,0.08548000596613549,0.02554169014064841
