video_id,root_mean_velocity,root_mean_acceleration,body_mean_angular_velocity,body_mean_angular_acceleration
Ways_to_Jump_+_Sit_+_Fall_Elbow_Drop_clip2,0.029940539785462163,0.014292291071514151,0.09178709709384644,0.06980036503113331
Ways_to_Jump_+_Sit_+_Fall_Basketball_Fake_Out_clip2,0.029899087063687983,0.014982312768899757,0.09178709709384644,0.06980036503113331
Ways_to_Catch_Twisted_Ankle_clip2,0.02947131409155733,0.012962784222047639,0.07029593069284801,0.06363706869708853
Ways_to_Jump_+_Sit_+_Fall_Expressive_clip1_clip1,0.04099834363144485,0.0062879651505484855,0.08934636801694251,0.02945017979354912
Ways_to_Jump_+_Sit_+_Fall_KEVINBPARRY_clip5,0.028640722923772788,0.01230171436354303,0.07579839708559644,0.07586872049831382
