video_id,root_mean_velocity,root_mean_velocity_new,root_mean_acceleration,root_mean_acceleration_new,body_mean_angular_velocity,body_mean_angular_velocity_new,body_mean_angular_acceleration,body_mean_angular_acceleration_new
Lie_on_your_back_leg_alternately_Scissor_Kick_1_clip1,0.11787271107100915,0.0010376149,0.017199636406854797,0.00050104887,0.01277811696120179,0.008448389662253301,0.009682381065663132,0.00236517260803697
Bend_your_knees_of_posture_1_clip1,0.006815993811639153,0.00462877,0.0035103177790521754,0.0009290225,0.05788747102440923,0.014589715414322179,0.07721890333028272,0.0032411016983789564
High_lift_legs_touch_the_ground_1_clip1,0.015437771884992969,0.022997031,0.006476093386607649,0.007547676,0.10306763144030345,0.11034250987346417,0.036541163659863395,0.03469035253876941
Your_wrist_extensor_stretching_1_clip1,0.08808625221985514,0.0004275696,0.06064932177684411,0.00010421995,0.0002841838785065336,0.0009383332340450358,0.00020158578356079944,0.0006193529442840051
Vertical_Mountain_type_Vertical_Mountain_Climber_1_clip1,0.019203961461971408,0.016379561,0.00989460100030907,0.0067964485,0.11687055441778367,0.10233841521814692,0.09072111378998196,0.03884334692025512
Bobby_squat_jump_1_clip1,0.027341158970114927,0.028389353,0.007767412732488198,0.0060553113,0.10335028612204417,0.0741032407999235,0.027540816962584837,0.017203034324770865
Alternate_knee_strike_1_clip1,0.015468694513310337,0.014885986,0.004858339684835771,0.0024374737,0.08548000596613549,0.06331029946967927,0.02554169014064841,0.016718852540830872
