video_id,root_mean_velocity,root_mean_acceleration,body_mean_angular_velocity,body_mean_angular_acceleration,body_mean_velocity,body_mean_acceleration
Before_and_after_the_jump_1_clip1,0.04682104085418007,0.02515968080419948,0.028086616497822608,0.01236566462193391,0.56833214,1.0055102
Before_and_after_the_jump_1_clip2,0.03015910103405974,0.0166970674824559,0.03434271938838426,0.015044963187577004,0.55308765,1.0078697
Do_the_Forearm_Stretch_Kneeling_Forearm_Stretch_0_clip1_clip1,0.02961894468211216,0.010938000932987007,0.03383397744982379,0.021202511773673906,0.57973045,0.9301723
Keep_boxing_Punches_2_clip1,0.011270067861851219,0.006908758656618907,0.016245451816503942,0.010923482989913105,0.5431909,0.9633804
Kneeling_handwaving_run_Kneeling_Arm_Drill_1_clip1,0.014967870644194237,0.007906718512382208,0.017498864678457588,0.009547378656410267,0.47727814,0.7598223
Lie_on_your_back_leg_alternately_Scissor_Kick_1_clip1,0.11787271107100915,0.017199636406854797,0.01277811696120179,0.009682381065663132,0.09799135,0.04269587
Your_wrist_extensor_stretching_1_clip1,0.08808625221985514,0.06064932177684411,0.0002841838785065336,0.00020158578356079944,0.12139959,0.087027654
