video_id,root_mean_velocity,root_mean_acceleration,body_mean_angular_velocity,body_mean_angular_acceleration,body_mean_velocity,body_mean_acceleration
Analysis_of_Basic_Calligraphy_3_clip1,0.0028076130313967928,0.001591972087326303,0.0017480360588073478,0.0012153852943325703,0.6718049,0.9695943
dance_3_clip1,0.018387049808649258,0.004667311821358985,0.04827398188232299,0.01596756470050752,0.44051278,0.76132846
stick_dance_1_clip1,0.04735958788562944,0.016964430703235105,0.10551925326958073,0.04721727345147957,0.5873967,0.76495826
